ConstCode,Const,Region ,Result,First party,Second party,Lab-Con24P,Valid_votersP,ConP,LabP,LibDemP,OtherP
E14001063,Aldershot,South East,Lab gain from Con,Lab,Con,11.70%,61.80%,29.00%,40.70%,8.30%,21.90%
E14001064,Aldridge-Brownhills,West Midlands,Con hold,Con,Lab,-10.50%,58.22%,38.90%,28.40%,4.30%,28.50%
E14001065,Altrincham and Sale West,North West,Lab gain from Con,Lab,Con,8.10%,69.51%,32.30%,40.40%,9.20%,18.10%
E14001066,Amber Valley,East Midlands,Lab gain from Con,Lab,RUK,11.80%,59.45%,25.20%,37.00%,3.70%,34.00%
E14001067,Arundel and South Downs,South East,Con hold,Con,LD,-22.30%,70.21%,40.20%,17.90%,18.00%,23.90%
E14001068,Ashfield,East Midlands,RUK gain from Con,RUK,Lab,20.80%,57.86%,8.20%,29.00%,1.60%,61.30%
E14001069,Ashford,South East,Lab gain from Con,Lab,Con,3.80%,61.62%,28.70%,32.50%,5.20%,33.60%
E14001070,Ashton-under-Lyne,North West,Lab hold,Lab,RUK,31.60%,49.94%,12.30%,43.90%,4.00%,39.80%
E14001071,Aylesbury,South East,Lab gain from Con,Lab,Con,1.30%,63.08%,28.90%,30.20%,20.90%,20.00%
E14001072,Banbury,South East,Lab gain from Con,Lab,Con,6.70%,65.77%,31.60%,38.30%,9.00%,21.10%
E14001073,Barking,London,Lab hold,Lab,RUK,32.70%,45.70%,11.80%,44.50%,2.80%,41.00%
E14001074,Barnsley North,Yorkshire and The Humber,Lab hold,Lab,RUK,42.00%,47.13%,8.40%,50.40%,3.60%,37.60%
E14001075,Barnsley South,Yorkshire and The Humber,Lab hold,Lab,RUK,37.40%,46.25%,9.30%,46.70%,3.30%,40.70%
E14001076,Barrow and Furness,North West,Lab gain from Con,Lab,Con,12.60%,56.31%,31.30%,43.90%,4.00%,20.80%
E14001077,Basildon and Billericay,East of England,Con hold,Con,Lab,0.00%,54.80%,30.60%,30.60%,5.40%,33.30%
E14001078,Basingstoke,South East,Lab gain from Con,Lab,Con,13.20%,62.42%,29.50%,42.70%,6.50%,21.30%
E14001079,Bassetlaw,East Midlands,Lab gain from Con,Lab,Con,12.90%,57.42%,28.30%,41.20%,4.40%,26.10%
E14001080,Bath,South West,LD hold,LD,Lab,2.10%,69.09%,15.90%,18.00%,41.30%,24.80%
E14001081,Battersea,London,Lab hold,Lab,Con,25.60%,64.65%,23.20%,48.80%,10.30%,17.70%
E14001082,Beaconsfield,South East,Con hold,Con,LD,-23.70%,65.60%,38.80%,15.10%,27.30%,18.80%
E14001083,Beckenham and Penge,London,Lab hold,Lab,Con,24.70%,67.65%,24.60%,49.30%,8.50%,17.60%
E14001084,Bedford,East of England,Lab hold,Lab,Con,23.20%,56.10%,21.90%,45.10%,9.90%,23.10%
E14001085,Bermondsey and Old Southwark,London,Lab hold,Lab,LD,37.10%,54.12%,7.70%,44.80%,24.10%,23.40%
E14001086,Bethnal Green and Stepney,London,Lab hold,Lab,Ind,30.00%,57.28%,4.10%,34.10%,10.20%,51.60%
E14001087,Beverley and Holderness,Yorkshire and The Humber,Con hold,Con,Lab,-0.30%,62.36%,34.50%,34.20%,7.50%,23.70%
E14001088,Bexhill and Battle,South East,Con hold,Con,Lab,-5.60%,66.14%,33.90%,28.30%,7.30%,30.50%
E14001089,Bexleyheath and Crayford,London,Lab gain from Con,Lab,Con,4.90%,61.82%,31.30%,36.20%,5.10%,27.50%
E14001090,Bicester and Woodstock,South East,LD gain from Con,LD,Con,-12.40%,67.54%,28.80%,16.40%,38.70%,16.10%
E14001091,Birkenhead,North West,Lab hold,Lab,Green,44.60%,55.24%,7.50%,52.10%,5.30%,35.10%
E14001092,Birmingham Edgbaston,West Midlands,Lab hold,Lab,Con,22.30%,52.14%,22.00%,44.30%,5.60%,28.00%
E14001093,Birmingham Erdington,West Midlands,Lab hold,Lab,RUK,27.50%,44.07%,15.80%,43.30%,3.30%,37.60%
E14001094,Birmingham Hall Green and Moseley,West Midlands,Lab hold,Lab,Ind,21.60%,54.08%,9.20%,30.80%,11.30%,48.70%
E14001095,Birmingham Hodge Hill and Solihull North,West Midlands,Lab hold,Lab,WPB,17.60%,43.91%,13.60%,31.20%,2.80%,52.50%
E14001096,Birmingham Ladywood,West Midlands,Lab hold,Lab,Ind,36.40%,43.71%,6.10%,42.50%,4.70%,46.70%
E14001097,Birmingham Northfield,West Midlands,Lab gain from Con,Lab,Con,14.30%,50.85%,25.30%,39.60%,4.80%,30.30%
E14001098,Birmingham Perry Barr,West Midlands,Ind gain from Lab,Ind,Lab,22.80%,49.08%,11.30%,34.10%,3.50%,86.60%
E14001099,Birmingham Selly Oak,West Midlands,Lab hold,Lab,Con,30.00%,50.77%,15.20%,45.20%,6.00%,33.60%
E14001100,Birmingham Yardley,West Midlands,Lab hold,Lab,WPB,21.10%,49.38%,10.10%,31.20%,10.10%,48.70%
E14001101,Bishop Auckland,North East,Lab gain from Con,Lab,Con,16.50%,57.14%,25.60%,42.10%,3.40%,28.80%
E14001102,Blackburn,North West,Ind gain from Lab,Ind,Lab,17.80%,53.08%,8.90%,26.70%,1.80%,89.60%
E14001103,Blackley and Middleton South,North West,Lab hold,Lab,RUK,44.00%,43.35%,9.80%,53.80%,5.10%,31.30%
E14001104,Blackpool North and Fleetwood,North West,Lab gain from Con,Lab,Con,11.10%,57.01%,28.90%,40.00%,3.20%,27.90%
E14001105,Blackpool South,North West,Lab gain from Con,Lab,RUK,32.50%,45.42%,15.60%,48.10%,3.00%,33.30%
E14001106,Blaydon and Consett,North East,Lab hold,Lab,RUK,35.80%,59.89%,14.30%,50.10%,5.40%,30.20%
E14001107,Blyth and Ashington,North East,Lab hold,Lab,RUK,34.40%,52.75%,15.20%,49.60%,3.50%,31.70%
E14001108,Bognor Regis and Littlehampton,South East,Con hold,Con,Lab,-3.70%,62.23%,32.80%,29.10%,10.60%,27.50%
E14001109,Bolsover,East Midlands,Lab gain from Con,Lab,Con,14.90%,54.96%,25.60%,40.50%,3.50%,30.40%
E14001110,Bolton North East,North West,Lab gain from Con,Lab,Con,15.40%,54.19%,21.90%,37.30%,3.50%,37.30%
E14001111,Bolton South and Walkden,North West,Lab hold,Lab,RUK,29.60%,46.38%,11.30%,40.90%,3.70%,44.10%
E14001112,Bolton West,North West,Lab gain from Con,Lab,Con,11.10%,59.52%,27.80%,38.90%,4.40%,28.80%
E14001113,Bootle,North West,Lab hold,Lab,RUK,64.40%,53.23%,4.30%,68.70%,3.30%,23.60%
E14001114,Boston and Skegness,East Midlands,RUK gain from Con,RUK,Con,-14.50%,53.36%,33.40%,18.90%,3.40%,44.30%
E14001115,Bournemouth East,South West,Lab gain from Con,Lab,Con,12.20%,62.07%,28.60%,40.80%,6.90%,23.80%
E14001116,Bournemouth West,South West,Lab gain from Con,Lab,Con,8.10%,56.10%,28.30%,36.40%,10.90%,24.40%
E14001117,Bracknell,South East,Lab gain from Con,Lab,Con,1.80%,61.17%,31.90%,33.70%,10.90%,23.50%
E14001118,Bradford East,Yorkshire and The Humber,Lab hold,Lab,Ind,28.60%,49.51%,9.30%,37.90%,5.10%,47.70%
E14001119,Bradford South,Yorkshire and The Humber,Lab hold,Lab,RUK,21.10%,46.54%,14.70%,35.80%,2.90%,46.60%
E14001120,Bradford West,Yorkshire and The Humber,Lab hold,Lab,Ind,23.40%,47.60%,8.20%,31.60%,2.00%,58.10%
E14001121,Braintree,East of England,Con hold,Con,Lab,-7.50%,63.12%,35.50%,28.00%,5.90%,30.60%
E14001122,Brent East,London,Lab hold,Lab,Con,34.50%,48.75%,16.70%,51.20%,7.00%,25.10%
E14001123,Brent West,London,Lab hold,Lab,Con,9.20%,51.70%,32.50%,41.70%,7.30%,18.50%
E14001124,Brentford and Isleworth,London,Lab hold,Lab,Con,21.70%,56.98%,22.50%,44.20%,8.50%,24.80%
E14001125,Brentwood and Ongar,East of England,Con hold,Con,RUK,-13.80%,64.14%,36.70%,22.90%,12.00%,28.40%
E14001126,Bridgwater,South West,Con hold,Con,Lab,-3.40%,56.07%,30.60%,27.20%,14.40%,27.70%
E14001127,Bridlington and The Wolds,Yorkshire and The Humber,Con hold,Con,Lab,-7.30%,57.68%,34.60%,27.30%,7.20%,30.90%
E14001128,Brigg and Immingham,Yorkshire and The Humber,Con hold,Con,Lab,-7.60%,58.15%,37.40%,29.80%,3.40%,29.40%
E14001129,Brighton Kemptown and Peacehaven,South East,Lab hold,Lab,Con,23.80%,59.15%,20.20%,44.00%,9.70%,26.10%
E14001130,Brighton Pavilion,South East,Green hold,Green,Lab,20.10%,70.02%,7.60%,27.70%,3.10%,61.60%
E14001131,Bristol Central,South West,Green gain from Lab,Green,Lab,28.00%,69.12%,4.60%,32.60%,2.70%,60.10%
E14001132,Bristol East,South West,Lab hold,Lab,Green,31.00%,60.74%,14.00%,45.00%,5.90%,35.20%
E14001133,Bristol North East,South West,Lab hold,Lab,Green,30.50%,59.92%,14.80%,45.30%,4.70%,35.30%
E14001134,Bristol North West,South West,Lab hold,Lab,Green,35.60%,64.73%,14.00%,49.60%,8.60%,27.80%
E14001135,Bristol South,South West,Lab hold,Lab,Green,31.30%,57.46%,11.40%,42.70%,6.30%,39.70%
E14001136,Broadland and Fakenham,East of England,Con hold,Con,Lab,-1.50%,64.42%,33.00%,31.50%,11.20%,24.40%
E14001137,Bromley and Biggin Hill,London,Con hold,Con,Lab,-0.60%,66.17%,34.00%,33.40%,9.30%,23.30%
E14001138,Bromsgrove,West Midlands,Con hold,Con,Lab,-6.00%,65.92%,32.80%,26.80%,14.70%,25.70%
E14001139,Broxbourne,East of England,Con hold,Con,Lab,-6.60%,57.11%,36.80%,30.20%,6.30%,26.80%
E14001140,Broxtowe,East Midlands,Lab gain from Con,Lab,Con,17.60%,67.91%,23.30%,40.90%,8.00%,27.80%
E14001141,Buckingham and Bletchley,South East,Lab gain from Con,Lab,Con,5.00%,63.66%,31.90%,36.90%,9.00%,22.20%
E14001142,Burnley,North West,Lab gain from Con,Lab,LD,11.40%,52.99%,20.30%,31.70%,23.10%,24.90%
E14001143,Burton and Uttoxeter,West Midlands,Lab gain from Con,Lab,Con,5.00%,58.50%,30.60%,35.60%,3.60%,30.20%
E14001144,Bury North,North West,Lab gain from Con,Lab,Con,15.20%,58.59%,27.90%,43.10%,2.90%,26.10%
E14001145,Bury South,North West,Lab gain from Con,Lab,Con,22.20%,56.04%,23.40%,45.60%,4.30%,26.70%
E14001146,Bury St Edmunds and Stowmarket,East of England,Lab gain from Con,Lab,Con,2.90%,64.85%,30.00%,32.90%,6.20%,30.90%
E14001147,Calder Valley,Yorkshire and The Humber,Lab gain from Con,Lab,Con,18.10%,64.12%,26.30%,44.40%,5.20%,24.00%
E14001148,Camborne and Redruth,South West,Lab gain from Con,Lab,Con,16.30%,64.28%,24.20%,40.50%,8.60%,26.70%
E14001149,Cambridge,East of England,Lab hold,Lab,LD,34.60%,59.87%,12.00%,46.60%,20.30%,21.10%
E14001150,Cannock Chase,West Midlands,Lab gain from Con,Lab,Con,7.30%,55.80%,29.20%,36.50%,2.40%,31.90%
E14001151,Canterbury,South East,Lab hold,Lab,Con,18.40%,66.38%,23.00%,41.40%,8.10%,27.50%
E14001152,Carlisle,North West,Lab gain from Con,Lab,Con,11.30%,59.05%,28.10%,39.40%,6.50%,26.00%
E14001153,Carshalton and Wallington,London,LD gain from Con,LD,Con,-13.10%,62.76%,26.20%,13.10%,43.10%,17.60%
E14001154,Castle Point,East of England,Con hold,Con,RUK,-14.80%,57.21%,38.10%,23.30%,3.30%,35.30%
E14001155,Central Devon,South West,Con hold,Con,Lab,-0.10%,70.88%,31.50%,31.40%,15.40%,21.70%
E14001156,Central Suffolk and North Ipswich,East of England,Con hold,Con,Lab,-9.20%,63.55%,32.60%,23.40%,11.60%,32.40%
E14001157,Chatham and Aylesford,South East,Lab gain from Con,Lab,Con,4.90%,54.38%,28.60%,33.50%,5.30%,32.50%
E14001158,Cheadle,North West,LD gain from Con,LD,Con,-7.00%,68.20%,22.60%,15.60%,46.70%,15.20%
E14001159,Chelmsford,East of England,LD gain from Con,LD,Con,-18.50%,65.89%,30.50%,12.00%,39.90%,17.60%
E14001160,Chelsea and Fulham,London,Lab gain from Con,Lab,Con,0.30%,60.04%,39.10%,39.40%,7.70%,13.90%
E14001161,Cheltenham,South West,LD gain from Con,LD,Con,-30.70%,65.06%,36.10%,5.40%,50.60%,7.90%
E14001162,Chesham and Amersham,South East,LD gain from Con,LD,Con,-28.40%,72.71%,34.80%,6.40%,44.80%,13.90%
E14001163,Chester North and Neston,North West,Lab hold,Lab,Con,26.60%,63.65%,23.20%,49.80%,4.60%,22.30%
E14001164,Chester South and Eddisbury,North West,Con hold,Con,Lab,-5.80%,70.66%,37.90%,32.10%,10.30%,19.60%
E14001165,Chesterfield,East Midlands,Lab hold,Lab,Con,26.10%,58.00%,20.40%,46.50%,6.10%,26.90%
E14001166,Chichester,South East,LD gain from Con,LD,Con,-19.60%,66.28%,25.70%,6.10%,49.20%,19.00%
E14001167,Chingford and Woodford Green,London,Con hold,Con,Lab,-9.80%,65.55%,35.60%,25.80%,2.60%,35.90%
E14001168,Chippenham,South West,LD gain from Con,LD,Con,-21.20%,66.81%,29.10%,7.90%,45.50%,17.40%
E14001169,Chipping Barnet,London,Lab gain from Con,Lab,Con,5.70%,65.17%,36.70%,42.40%,5.10%,15.70%
E14001170,Chorley,North West,Spk hold,Spk,Green,0.00%,45.41%,0.00%,0.00%,0.00%,174.30%
E14001171,Christchurch,South West,Con hold,Con,LD,-19.40%,66.61%,35.80%,16.40%,20.00%,27.80%
E14001172,Cities of London and Westminster,London,Lab gain from Con,Lab,Con,6.90%,53.45%,32.10%,39.00%,11.10%,17.80%
E14001173,City of Durham,North East,Lab hold,Lab,RUK,34.20%,57.56%,12.90%,47.10%,14.60%,25.50%
E14001174,Clacton,East of England,RUK gain from Con,RUK,Con,-11.70%,58.74%,27.90%,16.20%,4.40%,51.50%
E14001175,Clapham and Brixton Hill,London,Lab hold,Lab,LD,46.30%,51.42%,10.20%,56.50%,14.40%,18.80%
E14001176,Colchester,East of England,Lab gain from Con,Lab,Con,18.40%,57.08%,23.50%,41.90%,14.20%,20.40%
E14001177,Colne Valley,Yorkshire and The Humber,Lab gain from Con,Lab,Con,10.70%,63.63%,30.30%,41.00%,4.30%,24.30%
E14001178,Congleton,North West,Lab gain from Con,Lab,Con,6.80%,68.75%,30.90%,37.70%,5.60%,25.90%
E14001179,Corby and East Northamptonshire,East Midlands,Lab gain from Con,Lab,Con,12.80%,62.95%,29.60%,42.40%,4.40%,23.60%
E14001180,Coventry East,West Midlands,Lab hold,Lab,RUK,32.60%,48.85%,16.90%,49.50%,3.30%,30.40%
E14001181,Coventry North West,West Midlands,Lab hold,Lab,Con,26.60%,56.01%,20.30%,46.90%,4.60%,28.30%
E14001182,Coventry South,West Midlands,Lab hold,Lab,Con,23.80%,56.05%,23.80%,47.60%,5.90%,22.70%
E14001183,Cramlington and Killingworth,North East,Lab hold,Lab,RUK,30.20%,59.55%,18.90%,49.10%,4.20%,27.80%
E14001184,Crawley,South East,Lab gain from Con,Lab,Con,11.40%,60.40%,26.80%,38.20%,4.80%,30.20%
E14001185,Crewe and Nantwich,North West,Lab gain from Con,Lab,Con,20.60%,61.22%,23.50%,44.10%,4.80%,27.50%
E14001186,Croydon East,London,Lab hold,Lab,Con,15.60%,57.16%,26.80%,42.40%,8.10%,22.70%
E14001187,Croydon South,London,Con hold,Con,Lab,-4.70%,65.93%,40.00%,35.30%,8.90%,15.80%
E14001188,Croydon West,London,Lab hold,Lab,Con,37.30%,48.94%,16.80%,54.10%,9.60%,19.60%
E14001189,Dagenham and Rainham,London,Lab hold,Lab,RUK,24.80%,50.82%,17.80%,42.60%,2.70%,36.90%
E14001190,Darlington,North East,Lab gain from Con,Lab,Con,5.40%,59.96%,33.80%,39.20%,4.10%,22.90%
E14001191,Dartford,South East,Lab gain from Con,Lab,Con,2.70%,58.98%,31.90%,34.60%,4.90%,28.60%
E14001192,Daventry,East Midlands,Con hold,Con,Lab,-5.70%,65.63%,33.70%,28.00%,12.70%,25.60%
E14001193,Derby North,East Midlands,Lab gain from Con,Lab,Con,21.80%,56.93%,23.70%,45.50%,4.50%,26.30%
E14001194,Derby South,East Midlands,Lab hold,Lab,RUK,24.90%,51.27%,13.90%,38.80%,4.80%,42.50%
E14001195,Derbyshire Dales,East Midlands,Lab gain from Con,Lab,Con,0.60%,69.93%,34.00%,34.60%,9.50%,21.90%
E14001196,Dewsbury and Batley,Yorkshire and The Humber,Ind gain from Lab,Ind,Lab,11.90%,53.11%,11.00%,22.90%,3.50%,103.70%
E14001197,Didcot and Wantage,South East,LD gain from Con,LD,Con,-13.70%,67.83%,28.40%,14.70%,39.80%,17.10%
E14001198,Doncaster Central,Yorkshire and The Humber,Lab hold,Lab,Con,25.20%,50.81%,21.00%,46.20%,3.20%,29.70%
E14001199,Doncaster East and the Isle of Axholme,Yorkshire and The Humber,Lab gain from Con,Lab,Con,5.90%,55.78%,32.70%,38.60%,3.00%,25.60%
E14001200,Doncaster North,Yorkshire and The Humber,Lab hold,Lab,Con,29.50%,44.44%,22.90%,52.40%,3.40%,21.40%
E14001201,Dorking and Horley,South East,LD gain from Con,LD,Con,-23.00%,69.74%,31.10%,8.10%,41.90%,18.90%
E14001202,Dover and Deal,South East,Lab gain from Con,Lab,RUK,17.90%,62.53%,21.70%,39.60%,5.40%,33.20%
E14001203,Droitwich and Evesham,West Midlands,Con hold,Con,Lab,-18.20%,64.74%,40.30%,22.10%,10.30%,27.30%
E14001204,Dudley,West Midlands,Lab gain from Con,Lab,Con,5.30%,51.03%,28.80%,34.10%,3.00%,34.10%
E14001205,Dulwich and West Norwood,London,Lab hold,Lab,Green,51.80%,56.80%,8.50%,60.30%,7.70%,23.50%
E14001206,Dunstable and Leighton Buzzard,East of England,Lab gain from Con,Lab,Con,1.40%,60.00%,31.10%,32.50%,14.10%,22.30%
E14001207,Ealing Central and Acton,London,Lab hold,Lab,Con,29.30%,60.90%,17.50%,46.80%,12.70%,23.10%
E14001208,Ealing North,London,Lab hold,Lab,Con,29.00%,57.78%,18.80%,47.80%,5.90%,27.50%
E14001209,Ealing Southall,London,Lab hold,Lab,Con,33.70%,59.51%,15.40%,49.10%,6.00%,29.40%
E14001210,Earley and Woodley,South East,Lab gain from Con,Lab,Con,1.90%,62.43%,37.80%,39.70%,13.40%,9.20%
E14001211,Easington,North East,Lab hold,Lab,RUK,38.00%,49.46%,10.90%,48.90%,2.40%,37.80%
E14001212,East Grinstead and Uckfield,South East,Con hold,Con,LD,-17.60%,66.85%,38.30%,20.70%,21.50%,19.40%
E14001213,East Ham,London,Lab hold,Lab,Ind,41.40%,47.83%,10.20%,51.60%,3.20%,34.90%
E14001214,East Hampshire,South East,Con hold,Con,LD,-27.30%,70.77%,37.00%,9.70%,34.50%,18.80%
E14001215,East Surrey,South East,Con hold,Con,Lab,-15.20%,67.11%,35.60%,20.40%,18.00%,26.00%
E14001216,East Thanet,South East,Lab gain from Con,Lab,Con,16.30%,57.01%,23.60%,39.90%,3.20%,33.30%
E14001217,East Wiltshire,South West,Con hold,Con,Lab,-10.00%,63.65%,35.70%,25.70%,17.40%,21.20%
E14001218,East Worthing and Shoreham,South East,Lab gain from Con,Lab,Con,19.40%,65.67%,25.70%,45.10%,6.50%,22.80%
E14001219,Eastbourne,South East,LD gain from Con,LD,Con,-19.40%,62.83%,25.30%,5.90%,52.10%,16.70%
E14001220,Eastleigh,South East,LD gain from Con,LD,Con,-16.00%,66.35%,31.10%,15.10%,34.40%,19.40%
E14001221,Edmonton and Winchmore Hill,London,Lab hold,Lab,Con,30.80%,54.15%,19.20%,50.00%,6.60%,24.20%
E14001222,Ellesmere Port and Bromborough,North West,Lab hold,Lab,RUK,45.20%,59.27%,12.40%,57.60%,5.50%,24.40%
E14001223,Eltham and Chislehurst,London,Lab gain from Con,Lab,Con,18.50%,61.59%,25.50%,44.00%,5.30%,25.10%
E14001224,Ely and East Cambridgeshire,East of England,LD gain from Con,LD,Con,-14.30%,66.20%,31.80%,17.50%,32.70%,18.00%
E14001225,Enfield North,London,Lab hold,Lab,Con,29.30%,55.21%,19.80%,49.10%,5.80%,25.20%
E14001226,Epping Forest,East of England,Con hold,Con,Lab,-13.60%,57.81%,43.20%,29.60%,12.60%,14.60%
E14001227,Epsom and Ewell,South East,LD gain from Con,LD,Con,-15.90%,71.26%,31.20%,15.30%,37.90%,15.70%
E14001228,Erewash,East Midlands,Lab gain from Con,Lab,Con,13.70%,60.15%,26.40%,40.10%,5.60%,27.90%
E14001229,Erith and Thamesmead,London,Lab hold,Lab,RUK,41.30%,51.28%,13.80%,55.10%,4.60%,26.50%
E14001230,Esher and Walton,South East,LD gain from Con,LD,Con,-25.00%,72.77%,30.30%,5.30%,52.60%,11.90%
E14001231,Exeter,South West,Lab hold,Lab,Con,29.70%,59.25%,15.60%,45.30%,10.50%,28.60%
E14001232,Exmouth and Exeter East,South West,Con hold,Con,Lab,-0.20%,64.16%,28.70%,28.50%,22.20%,20.60%
E14001233,Fareham and Waterlooville,South East,Con hold,Con,Lab,-12.10%,65.14%,35.00%,22.90%,19.00%,23.00%
E14001234,Farnham and Bordon,South East,Con hold,Con,LD,-21.90%,69.83%,35.70%,13.80%,33.20%,17.20%
E14001235,Faversham and Mid Kent,South East,Con hold,Con,Lab,-3.20%,62.71%,31.80%,28.60%,8.90%,30.60%
E14001236,Feltham and Heston,London,Lab hold,Lab,Con,20.40%,50.51%,21.10%,41.50%,4.70%,32.70%
E14001237,Filton and Bradley Stoke,South West,Lab gain from Con,Lab,Con,19.90%,64.92%,25.60%,45.50%,7.10%,21.80%
E14001238,Finchley and Golders Green,London,Lab gain from Con,Lab,Con,9.20%,63.60%,35.10%,44.30%,6.80%,13.80%
E14001239,Folkestone and Hythe,South East,Lab gain from Con,Lab,Con,8.60%,61.73%,26.10%,34.70%,4.00%,35.10%
E14001240,Forest of Dean,South West,Lab gain from Con,Lab,Con,0.50%,66.01%,33.50%,34.00%,5.40%,27.10%
E14001241,Frome and East Somerset,South West,LD gain from Con,LD,Con,-10.20%,65.25%,23.90%,13.70%,35.50%,26.90%
E14001242,Fylde,North West,Con hold,Con,Lab,-1.20%,62.20%,33.20%,32.00%,4.40%,30.40%
E14001243,Gainsborough,East Midlands,Con hold,Con,Lab,-7.50%,61.56%,35.60%,28.10%,10.70%,25.60%
E14001244,Gateshead Central and Whickham,North East,Lab hold,Lab,RUK,33.90%,57.60%,11.50%,45.40%,12.40%,30.70%
E14001245,Gedling,East Midlands,Lab gain from Con,Lab,Con,24.40%,63.27%,23.40%,47.80%,5.10%,23.80%
E14001246,Gillingham and Rainham,South East,Lab gain from Con,Lab,Con,9.60%,55.96%,28.20%,37.80%,5.50%,28.50%
E14001247,Glastonbury and Somerton,South West,LD gain from Con,LD,Con,-22.40%,65.02%,28.90%,6.50%,42.70%,21.90%
E14001248,Gloucester,South West,Lab gain from Con,Lab,Con,7.60%,57.49%,28.50%,36.10%,10.40%,25.00%
E14001249,Godalming and Ash,South East,Con hold,Con,LD,-37.60%,72.14%,42.60%,5.00%,41.00%,11.40%
E14001250,Goole and Pocklington,Yorkshire and The Humber,Con hold,Con,Lab,-7.20%,62.24%,38.20%,31.00%,6.80%,24.10%
E14001251,Gorton and Denton,North West,Lab hold,Lab,RUK,42.90%,47.78%,7.90%,50.80%,3.80%,37.50%
E14001252,Gosport,South East,Con hold,Con,Lab,-13.70%,60.44%,40.30%,26.60%,9.10%,24.00%
E14001253,Grantham and Bourne,East Midlands,Con hold,Con,Lab,-9.80%,62.94%,36.40%,26.60%,4.40%,32.60%
E14001254,Gravesham,South East,Lab gain from Con,Lab,Con,6.30%,59.15%,32.20%,38.50%,3.50%,25.80%
E14001255,Great Grimsby and Cleethorpes,Yorkshire and The Humber,Lab gain from Con,Lab,RUK,19.30%,48.08%,22.60%,41.90%,2.80%,32.70%
E14001256,Great Yarmouth,East of England,RUK gain from Con,RUK,Lab,7.20%,55.58%,24.60%,31.80%,2.70%,40.90%
E14001257,Greenwich and Woolwich,London,Lab hold,Lab,Green,44.80%,58.46%,11.40%,56.20%,9.00%,23.40%
E14001258,Guildford,South East,LD gain from Con,LD,Con,-21.90%,68.35%,30.00%,8.10%,47.50%,14.30%
E14001259,Hackney North and Stoke Newington,London,Lab hold,Lab,Green,51.10%,52.64%,8.40%,59.50%,3.80%,28.30%
E14001260,Hackney South and Shoreditch,London,Lab hold,Lab,Green,54.30%,53.27%,5.00%,59.30%,4.80%,30.90%
E14001261,Halesowen,West Midlands,Lab gain from Con,Lab,Con,11.30%,56.28%,27.60%,38.90%,5.90%,27.60%
E14001262,Halifax,Yorkshire and The Humber,Lab hold,Lab,Con,15.50%,51.88%,19.60%,35.10%,5.90%,39.40%
E14001263,Hamble Valley,South East,Con hold,Con,LD,-20.20%,67.95%,36.40%,16.20%,27.50%,19.80%
E14001264,Hammersmith and Chiswick,London,Lab hold,Lab,Con,33.20%,60.67%,19.10%,52.30%,9.30%,19.30%
E14001265,Hampstead and Highgate,London,Lab hold,Lab,Con,30.90%,60.67%,17.40%,48.30%,12.70%,21.60%
E14001266,"Harborough, Oadby and Wigston",East Midlands,Con hold,Con,Lab,-4.70%,65.37%,36.90%,32.20%,9.40%,21.40%
E14001267,Harlow,East of England,Lab gain from Con,Lab,Con,5.80%,58.05%,31.80%,37.60%,3.10%,27.40%
E14001268,Harpenden and Berkhamsted,East of England,LD gain from Con,Lab,Con,-23.00%,75.21%,30.50%,7.50%,50.20%,11.80%
E14001269,Harrogate and Knaresborough,Yorkshire and The Humber,LD gain from Con,LD,Con,-22.20%,66.79%,30.20%,8.00%,46.10%,15.70%
E14001270,Harrow East,London,Con hold,Con,Lab,-24.40%,62.44%,53.30%,28.90%,3.20%,14.70%
E14001271,Harrow West,London,Lab hold,Lab,Con,14.60%,56.62%,29.20%,43.80%,5.30%,21.70%
E14001272,Hartlepool,North East,Lab hold,Lab,RUK,24.30%,49.71%,21.90%,46.20%,1.60%,30.30%
E14001273,Harwich and North Essex,East of England,Con hold,Con,Lab,-2.40%,62.97%,34.40%,32.00%,7.40%,26.20%
E14001274,Hastings and Rye,South East,Lab gain from Con,Lab,Con,18.80%,60.56%,22.80%,41.60%,5.60%,30.00%
E14001275,Havant,South East,Con hold,Con,Lab,-0.20%,58.33%,30.80%,30.60%,7.80%,30.90%
E14001276,Hayes and Harlington,London,Lab hold,Lab,Con,31.40%,51.50%,21.90%,53.30%,3.40%,21.50%
E14001277,Hazel Grove,North West,LD gain from Con,LD,Lab,3.90%,63.14%,19.60%,23.50%,37.70%,19.20%
E14001278,Hemel Hempstead,East of England,Lab gain from Con,Lab,Con,11.00%,62.09%,27.20%,38.20%,11.60%,23.10%
E14001279,Hendon,London,Lab gain from Con,Lab,Con,0.00%,55.11%,38.40%,38.40%,4.80%,18.40%
E14001280,Henley and Thame,South East,LD gain from Con,LD,Con,-26.50%,72.08%,33.20%,6.70%,45.00%,15.10%
E14001281,Hereford and South Herefordshire,West Midlands,Con hold,Con,Lab,-2.80%,63.12%,32.60%,29.80%,11.70%,25.90%
E14001282,Herne Bay and Sandwich,South East,Con hold,Con,Lab,-5.10%,62.70%,35.30%,30.20%,5.50%,28.90%
E14001283,Hertford and Stortford,East of England,Lab gain from Con,Lab,Con,8.80%,68.44%,29.70%,38.50%,7.70%,24.00%
E14001284,Hertsmere,East of England,Con hold,Con,Lab,-16.70%,65.35%,44.70%,28.00%,7.70%,19.60%
E14001285,Hexham,North East,Lab gain from Con,Lab,Con,7.20%,67.81%,39.10%,46.30%,4.60%,10.00%
E14001286,Heywood and Middleton North,North West,Lab hold,Lab,RUK,23.30%,50.64%,17.30%,40.60%,6.20%,35.90%
E14001287,High Peak,East Midlands,Lab gain from Con,Lab,Con,16.10%,66.15%,29.70%,45.80%,3.50%,21.00%
E14001288,Hinckley and Bosworth,East Midlands,Con hold,Con,LD,-17.60%,62.56%,35.60%,18.00%,24.30%,22.10%
E14001289,Hitchin,East of England,Lab gain from Con,Lab,Con,15.40%,69.20%,28.50%,43.90%,9.40%,18.20%
E14001290,Holborn and St Pancras,London,Lab hold,Lab,Ind,41.70%,54.14%,7.20%,48.90%,5.80%,38.10%
E14001291,Honiton and Sidmouth,South West,LD gain from Con,LD,Con,-26.40%,67.06%,32.20%,5.80%,45.40%,16.60%
E14001292,Hornchurch and Upminster,London,Con hold,Con,RUK,-4.90%,62.18%,32.50%,27.60%,5.10%,34.80%
E14001293,Hornsey and Friern Barnet,London,Lab hold,Lab,Green,50.50%,69.60%,8.20%,58.70%,12.50%,20.60%
E14001294,Horsham,South East,LD gain from Con,LD,Con,-23.60%,70.12%,34.40%,10.80%,39.00%,15.80%
E14001295,Houghton and Sunderland South,North East,Lab hold,Lab,RUK,33.30%,51.03%,13.80%,47.10%,5.70%,33.50%
E14001296,Hove and Portslade,South East,Lab hold,Lab,Green,39.60%,70.09%,12.80%,52.40%,5.90%,28.90%
E14001297,Huddersfield,Yorkshire and The Humber,Lab hold,Lab,Green,21.30%,51.63%,16.30%,37.60%,4.30%,41.70%
E14001298,Huntingdon,East of England,Con hold,Con,Lab,-2.90%,65.81%,35.10%,32.20%,9.30%,23.50%
E14001299,Hyndburn,North West,Lab gain from Con,Lab,Con,4.60%,54.17%,28.90%,33.50%,3.30%,34.30%
E14001300,Ilford North,London,Lab hold,Lab,Ind,12.90%,59.61%,20.50%,33.40%,2.30%,43.80%
E14001301,Ilford South,London,Lab hold,Lab,Ind,25.30%,50.83%,14.90%,40.20%,3.30%,41.70%
E14001302,Ipswich,East of England,Lab gain from Con,Lab,Con,16.80%,58.45%,26.50%,43.30%,5.10%,25.00%
E14001303,Isle of Wight East,South East,Con hold,Con,RUK,-12.20%,61.01%,30.60%,18.40%,10.40%,40.60%
E14001304,Isle of Wight West,South East,Lab gain from Con,Lab,Con,9.30%,61.89%,29.30%,38.60%,7.90%,24.10%
E14001305,Islington North,London,Ind gain from Lab,Ind,Lab,30.40%,67.27%,4.00%,34.40%,3.40%,107.40%
E14001306,Islington South and Finsbury,London,Lab hold,Lab,Green,45.30%,57.68%,8.40%,53.70%,9.50%,28.50%
E14001307,Jarrow and Gateshead East,North East,Lab hold,Lab,RUK,42.20%,52.27%,9.10%,51.30%,4.70%,34.80%
E14001308,Keighley and Ilkley,Yorkshire and The Humber,Con hold,Con,Lab,-3.50%,62.11%,40.20%,36.70%,2.10%,20.90%
E14001309,Kenilworth and Southam,West Midlands,Con hold,Con,Lab,-12.40%,71.17%,36.40%,24.00%,19.60%,20.00%
E14001310,Kensington and Bayswater,London,Lab hold,Lab,Con,6.90%,54.21%,33.70%,40.60%,6.90%,18.70%
E14001311,Kettering,East Midlands,Lab gain from Con,Lab,Con,7.70%,63.30%,28.20%,35.90%,2.70%,33.20%
E14001312,Kingston and Surbiton,London,LD hold,LD,Con,-4.00%,65.50%,17.00%,13.00%,51.10%,18.90%
E14001313,Kingston upon Hull East,Yorkshire and The Humber,Lab hold,Lab,RUK,34.70%,42.20%,9.10%,43.80%,10.90%,36.20%
E14001314,Kingston upon Hull North and Cottingham,Yorkshire and The Humber,Lab hold,Lab,RUK,35.50%,50.78%,12.80%,48.30%,8.50%,30.40%
E14001315,Kingston upon Hull West and Haltemprice,Yorkshire and The Humber,Lab gain from Con,Lab,RUK,28.70%,52.12%,18.10%,46.80%,6.90%,28.20%
E14001316,Kingswinford and South Staffordshire,West Midlands,Con hold,Con,Lab,-14.00%,63.06%,40.30%,26.30%,4.60%,28.80%
E14001317,Knowsley,North West,Lab hold,Lab,RUK,63.10%,50.09%,4.20%,67.30%,3.40%,25.20%
E14001318,Lancaster and Wyre,North West,Lab gain from Con,Lab,Con,21.50%,57.53%,23.40%,44.90%,3.60%,28.10%
E14001319,Leeds Central and Headingley,Yorkshire and The Humber,Lab hold,Lab,Green,43.10%,44.78%,7.10%,50.20%,8.30%,34.50%
E14001320,Leeds East,Yorkshire and The Humber,Lab hold,Lab,RUK,29.70%,51.69%,17.50%,47.20%,3.70%,31.60%
E14001321,Leeds North East,Yorkshire and The Humber,Lab hold,Lab,Con,35.60%,64.36%,15.90%,51.50%,4.80%,27.80%
E14001322,Leeds North West,Yorkshire and The Humber,Lab gain from Con,Lab,Con,23.90%,69.53%,22.10%,46.00%,11.30%,20.60%
E14001323,Leeds South,Yorkshire and The Humber,Lab hold,Lab,Green,40.80%,41.71%,13.20%,54.00%,4.20%,28.60%
E14001324,Leeds South West and Morley,Yorkshire and The Humber,Lab gain from Con,Lab,Con,21.00%,55.96%,23.00%,44.00%,4.50%,28.50%
E14001325,Leeds West and Pudsey,Yorkshire and The Humber,Lab hold,Lab,Con,32.20%,54.94%,17.10%,49.30%,4.50%,29.10%
E14001326,Leicester East,East Midlands,Con gain from Lab,Con,Lab,-9.50%,61.02%,31.10%,21.60%,13.50%,33.70%
E14001327,Leicester South,East Midlands,Ind gain from Lab,Ind,Lab,21.40%,59.04%,11.50%,32.90%,3.40%,87.40%
E14001328,Leicester West,East Midlands,Lab hold,Lab,Con,24.80%,47.77%,19.80%,44.60%,6.20%,29.40%
E14001329,Leigh and Atherton,North West,Lab gain from Con,Lab,RUK,32.80%,51.48%,15.70%,48.50%,3.90%,31.90%
E14001330,Lewes,South East,LD gain from Con,LD,Con,-20.10%,69.81%,26.80%,6.70%,50.60%,15.90%
E14001331,Lewisham East,London,Lab hold,Lab,Green,47.40%,55.38%,10.80%,58.20%,6.10%,24.90%
E14001332,Lewisham North,London,Lab hold,Lab,Green,51.60%,59.52%,6.10%,57.70%,7.40%,28.80%
E14001333,Lewisham West and East Dulwich,London,Lab hold,Lab,Green,51.50%,66.89%,7.50%,59.00%,7.70%,25.80%
E14001334,Leyton and Wanstead,London,Lab hold,Lab,Green,36.40%,61.17%,11.10%,47.50%,6.40%,35.00%
E14001335,Lichfield,West Midlands,Lab gain from Con,Lab,Con,1.70%,64.51%,33.40%,35.10%,7.30%,24.20%
E14001336,Lincoln,East Midlands,Lab gain from Con,Lab,Con,20.80%,58.30%,23.00%,43.80%,6.10%,27.10%
E14001337,Liverpool Garston,North West,Lab hold,Lab,RUK,51.40%,60.61%,7.00%,58.40%,7.70%,26.90%
E14001338,Liverpool Riverside,North West,Lab hold,Lab,Green,58.30%,45.36%,3.60%,61.90%,4.80%,29.80%
E14001339,Liverpool Walton,North West,Lab hold,Lab,RUK,67.10%,53.21%,3.50%,70.60%,2.60%,23.40%
E14001340,Liverpool Wavertree,North West,Lab hold,Lab,Green,53.30%,56.41%,4.70%,58.00%,6.90%,30.40%
E14001341,Liverpool West Derby,North West,Lab hold,Lab,RUK,62.50%,54.35%,4.10%,66.60%,3.40%,25.90%
E14001342,Loughborough,East Midlands,Lab gain from Con,Lab,Con,11.70%,61.28%,29.10%,40.80%,6.10%,24.00%
E14001343,Louth and Horncastle,East Midlands,Con hold,Con,RUK,-15.00%,60.46%,37.50%,22.50%,5.10%,34.90%
E14001344,Lowestoft,East of England,Lab gain from Con,Lab,Con,4.80%,56.27%,29.80%,34.60%,3.60%,32.10%
E14001345,Luton North,East of England,Lab hold,Lab,Con,19.40%,51.75%,18.50%,37.90%,4.90%,38.70%
E14001346,Luton South and South Bedfordshire,East of England,Lab hold,Lab,Con,17.90%,49.65%,17.50%,35.40%,6.30%,40.80%
E14001347,Macclesfield,North West,Lab gain from Con,Lab,Con,17.20%,70.51%,29.50%,46.70%,4.70%,19.10%
E14001348,Maidenhead,South East,LD gain from Con,LD,Con,-26.10%,66.50%,37.60%,11.50%,43.50%,7.40%
E14001349,Maidstone and Malling,South East,Con hold,Con,Lab,-3.60%,60.68%,30.50%,26.90%,13.70%,28.90%
E14001350,Makerfield,North West,Lab hold,Lab,RUK,34.30%,52.53%,10.90%,45.20%,6.80%,37.10%
E14001351,Maldon,East of England,Con hold,Con,RUK,-19.20%,63.67%,38.90%,19.70%,11.80%,29.60%
E14001352,Manchester Central,North West,Lab hold,Lab,Green,43.70%,46.62%,7.10%,50.80%,7.70%,34.40%
E14001353,Manchester Rusholme,North West,Lab hold,Lab,Green,46.10%,39.99%,5.80%,51.90%,0.00%,42.40%
E14001354,Manchester Withington,North West,Lab hold,Lab,Green,47.40%,59.15%,5.50%,52.90%,13.00%,28.70%
E14001355,Mansfield,East Midlands,Lab gain from Con,Lab,Con,8.50%,55.12%,30.60%,39.10%,1.90%,28.40%
E14001356,Melksham and Devizes,South West,LD gain from Con,LD,Con,-25.40%,69.68%,34.40%,9.00%,39.10%,17.50%
E14001357,Melton and Syston,East Midlands,Con hold,Con,Lab,-11.70%,61.88%,38.10%,26.40%,5.50%,30.00%
E14001358,Meriden and Solihull East,West Midlands,Con hold,Con,Lab,-10.40%,59.78%,38.10%,27.70%,7.60%,26.50%
E14001359,Mid Bedfordshire,East of England,Con hold,Con,Lab,-2.70%,65.76%,34.10%,31.40%,8.20%,26.30%
E14001360,Mid Buckinghamshire,South East,Con hold,Con,LD,-20.30%,71.34%,37.30%,17.00%,26.50%,19.20%
E14001361,Mid Cheshire,North West,Lab gain from Con,Lab,Con,21.50%,58.98%,23.00%,44.50%,5.90%,26.60%
E14001362,Mid Derbyshire,East Midlands,Lab gain from Con,Lab,Con,4.00%,68.00%,32.50%,36.50%,5.00%,26.00%
E14001363,Mid Dorset and North Poole,South West,LD gain from Con,LD,Con,-31.40%,65.76%,40.60%,9.20%,43.30%,6.90%
E14001364,Mid Leicestershire,East Midlands,Con hold,Con,Lab,-4.60%,63.29%,36.90%,32.30%,5.10%,25.70%
E14001365,Mid Norfolk,East of England,Con hold,Con,Lab,-6.60%,61.00%,36.50%,29.90%,6.80%,26.80%
E14001366,Mid Sussex,South East,LD gain from Con,LD,Con,-9.50%,70.20%,27.10%,17.60%,39.60%,15.60%
E14001367,Middlesbrough and Thornaby East,North East,Lab hold,Lab,RUK,29.30%,45.80%,17.90%,47.20%,3.00%,31.80%
E14001368,Middlesbrough South and East Cleveland,North East,Lab gain from Con,Lab,Con,0.60%,54.08%,42.70%,43.30%,5.30%,8.60%
E14001369,Milton Keynes Central,South East,Lab gain from Con,Lab,Con,15.20%,58.87%,27.10%,42.30%,10.30%,20.30%
E14001370,Milton Keynes North,South East,Lab gain from Con,Lab,Con,11.80%,65.02%,30.20%,42.00%,7.30%,20.50%
E14001371,Mitcham and Morden,London,Lab hold,Lab,Con,41.40%,58.56%,14.00%,55.40%,8.00%,22.60%
E14001372,Morecambe and Lunesdale,North West,Lab gain from Con,Lab,Con,12.10%,62.88%,28.70%,40.80%,9.90%,20.60%
E14001373,New Forest East,South East,Con hold,Con,Lab,-18.80%,64.05%,38.50%,19.70%,15.90%,25.90%
E14001374,New Forest West,South East,Con hold,Con,Lab,-12.10%,67.50%,35.40%,23.30%,17.70%,23.60%
E14001375,Newark,East Midlands,Con hold,Con,Lab,-6.70%,67.01%,39.20%,32.50%,5.70%,22.60%
E14001376,Newbury,South East,LD gain from Con,LD,Con,-27.80%,67.98%,35.30%,7.50%,40.10%,17.10%
E14001377,Newcastle upon Tyne Central and West,North East,Lab hold,Lab,RUK,35.40%,53.83%,10.20%,45.60%,4.70%,39.40%
E14001378,Newcastle upon Tyne East and Wallsend,North East,Lab hold,Lab,RUK,41.80%,55.51%,8.30%,50.10%,7.00%,34.60%
E14001379,Newcastle upon Tyne North,North East,Lab hold,Lab,Con,36.60%,65.02%,13.70%,50.30%,12.20%,23.80%
E14001380,Newcastle-under-Lyme,West Midlands,Lab gain from Con,Lab,Con,12.80%,58.42%,27.60%,40.40%,5.00%,27.00%
E14001381,Newton Abbot,South West,LD gain from Con,LD,Con,-12.20%,64.95%,27.00%,14.80%,31.70%,26.50%
E14001382,Newton Aycliffe and Spennymoor,North East,Lab gain from Con,Lab,RUK,25.60%,55.18%,20.60%,46.20%,3.70%,29.50%
E14001383,Normanton and Hemsworth,Yorkshire and The Humber,Lab hold,Lab,RUK,33.80%,48.05%,13.70%,47.50%,3.60%,35.10%
E14001384,North Bedfordshire,East of England,Con hold,Con,Lab,-10.50%,65.39%,38.80%,28.30%,10.80%,22.20%
E14001385,North Cornwall,South West,LD gain from Con,LD,Con,-21.80%,66.78%,27.60%,5.80%,47.00%,19.60%
E14001386,North Cotswolds,South West,Con hold,Con,LD,-17.60%,68.62%,34.70%,17.10%,28.00%,20.20%
E14001387,North Devon,South West,LD gain from Con,LD,Con,-23.00%,65.02%,29.30%,6.30%,42.40%,22.00%
E14001388,North Dorset,South West,Con hold,Con,LD,-27.80%,68.35%,36.60%,8.80%,33.50%,21.10%
E14001389,North Durham,North East,Lab hold,Lab,RUK,24.20%,56.76%,15.60%,39.80%,10.10%,34.40%
E14001390,North East Cambridgeshire,East of England,Con hold,Con,RUK,-21.10%,54.78%,41.50%,20.40%,6.90%,31.20%
E14001391,North East Derbyshire,East Midlands,Lab gain from Con,Lab,Con,3.90%,62.63%,34.50%,38.40%,4.70%,22.40%
E14001392,North East Hampshire,South East,LD gain from Con,LD,Con,-27.90%,72.23%,37.00%,9.10%,38.10%,15.80%
E14001393,North East Hertfordshire,East of England,Lab gain from Con,Lab,Con,3.70%,67.60%,31.30%,35.00%,10.40%,23.40%
E14001394,North East Somerset and Hanham,South West,Lab gain from Con,Lab,Con,10.40%,69.19%,30.20%,40.60%,7.60%,21.70%
E14001395,North Herefordshire,West Midlands,Green gain from Con,Green,Con,-25.10%,69.18%,31.50%,6.40%,2.90%,59.30%
E14001396,North Norfolk,East of England,LD gain from Con,LD,Con,-29.80%,65.85%,35.90%,6.10%,41.40%,16.50%
E14001397,North Northumberland,North East,Lab gain from Con,Lab,Con,10.40%,65.84%,26.20%,36.60%,10.60%,26.70%
E14001398,North Shropshire,West Midlands,LD gain from Con,LD,Con,-15.10%,63.93%,22.00%,6.90%,52.90%,18.30%
E14001399,North Somerset,South West,Lab gain from Con,Lab,Con,1.20%,72.24%,34.40%,35.60%,13.20%,16.80%
E14001400,North Warwickshire and Bedworth,West Midlands,Lab gain from Con,Lab,Con,5.40%,58.69%,30.60%,36.00%,3.00%,30.40%
E14001401,North West Cambridgeshire,East of England,Lab gain from Con,Lab,Con,0.10%,58.52%,33.20%,33.30%,7.20%,26.30%
E14001402,North West Essex,East of England,Con hold,Con,Lab,-4.80%,68.24%,35.60%,30.80%,11.10%,22.50%
E14001403,North West Hampshire,South East,Con hold,Con,Lab,-6.50%,64.64%,35.00%,28.50%,15.00%,21.50%
E14001404,North West Leicestershire,East Midlands,Lab gain from Con,Lab,Con,2.00%,62.47%,32.70%,34.70%,3.40%,29.30%
E14001405,North West Norfolk,East of England,Con hold,Con,Lab,-11.10%,59.89%,36.10%,25.00%,14.60%,24.30%
E14001406,Northampton North,East Midlands,Lab gain from Con,Lab,Con,21.50%,55.33%,22.00%,43.50%,5.40%,29.10%
E14001407,Northampton South,East Midlands,Lab gain from Con,Lab,Con,9.30%,62.37%,29.20%,38.50%,7.30%,25.10%
E14001408,Norwich North,East of England,Lab gain from Con,Lab,Con,23.70%,62.08%,21.70%,45.40%,4.50%,28.30%
E14001409,Norwich South,East of England,Lab hold,Lab,Green,34.70%,59.11%,12.90%,47.60%,7.90%,31.60%
E14001410,Nottingham East,East Midlands,Lab hold,Lab,Green,42.80%,52.45%,10.80%,53.60%,4.80%,30.90%
E14001411,Nottingham North and Kimberley,East Midlands,Lab hold,Lab,RUK,27.70%,47.46%,19.40%,47.10%,3.80%,29.70%
E14001412,Nottingham South,East Midlands,Lab hold,Lab,Con,31.30%,51.17%,16.10%,47.40%,6.30%,30.30%
E14001413,Nuneaton,West Midlands,Lab gain from Con,Lab,Con,8.40%,57.37%,28.50%,36.90%,3.30%,31.30%
E14001414,Old Bexley and Sidcup,London,Con hold,Con,Lab,-7.40%,65.07%,37.60%,30.20%,4.00%,28.20%
E14001415,Oldham East and Saddleworth,North West,Lab hold,Lab,RUK,18.10%,54.54%,17.10%,35.20%,8.50%,39.30%
E14001416,"Oldham West, Chadderton and Royton",North West,Lab hold,Lab,Ind,23.80%,50.73%,10.50%,34.30%,3.30%,51.90%
E14001417,Orpington,London,Con hold,Con,Lab,-11.10%,64.63%,38.00%,26.90%,10.30%,24.90%
E14001418,Ossett and Denby Dale,Yorkshire and The Humber,Lab gain from Con,Lab,Con,10.40%,60.67%,28.90%,39.30%,4.10%,27.70%
E14001419,Oxford East,South East,Lab hold,Lab,Green,37.70%,54.76%,12.00%,49.70%,8.70%,29.50%
E14001420,Oxford West and Abingdon,South East,LD hold,LD,Con,-5.50%,65.85%,18.50%,13.00%,50.90%,17.60%
E14001421,Peckham,London,Lab hold,Lab,Green,52.90%,53.79%,5.90%,58.80%,7.00%,28.30%
E14001422,Pendle and Clitheroe,North West,Lab gain from Con,Lab,Con,1.90%,59.34%,32.60%,34.50%,4.40%,28.60%
E14001423,Penistone and Stocksbridge,Yorkshire and The Humber,Lab gain from Con,Lab,Con,19.90%,62.42%,23.70%,43.60%,6.50%,26.20%
E14001424,Penrith and Solway,North West,Lab gain from Con,Lab,Con,10.70%,63.23%,29.90%,40.60%,9.60%,19.90%
E14001425,Peterborough,East of England,Lab gain from Con,Lab,Con,0.20%,57.06%,31.80%,32.00%,4.20%,32.00%
E14001426,Plymouth Moor View,South West,Lab gain from Con,Lab,Con,13.10%,57.35%,28.10%,41.20%,4.10%,26.50%
E14001427,Plymouth Sutton and Devonport,South West,Lab hold,Lab,RUK,33.10%,55.89%,16.30%,49.40%,5.80%,28.50%
E14001428,"Pontefract, Castleford and Knottingley",Yorkshire and The Humber,Lab hold,Lab,RUK,32.50%,48.19%,15.00%,47.50%,3.40%,34.10%
E14001429,Poole,South West,Lab gain from Con,Lab,Con,0.00%,61.36%,31.80%,31.80%,12.40%,24.00%
E14001430,Poplar and Limehouse,London,Lab hold,Lab,Green,32.10%,51.18%,11.00%,43.10%,9.70%,36.20%
E14001431,Portsmouth North,South East,Lab gain from Con,Lab,Con,1.80%,59.04%,33.00%,34.80%,7.30%,24.90%
E14001432,Portsmouth South,South East,Lab hold,Lab,RUK,33.90%,52.81%,14.50%,48.40%,12.60%,24.50%
E14001433,Preston,North West,Lab hold,Lab,Ind,22.00%,51.67%,13.00%,35.00%,8.00%,44.00%
E14001434,Putney,London,Lab hold,Lab,Con,25.30%,67.82%,23.60%,48.90%,12.10%,15.40%
E14001435,Queen's Park and Maida Vale,London,Lab hold,Lab,Green,39.20%,50.75%,13.30%,52.50%,8.90%,25.30%
E14001436,Rawmarsh and Conisbrough,Yorkshire and The Humber,Lab hold,Lab,RUK,35.70%,49.04%,13.30%,49.00%,3.40%,34.40%
E14001437,Rayleigh and Wickford,East of England,Con hold,Con,RUK,-12.40%,62.65%,37.00%,24.60%,8.50%,29.90%
E14001438,Reading Central,South East,Lab hold,Lab,Con,27.90%,61.54%,19.80%,47.70%,8.80%,23.80%
E14001439,Reading West and Mid Berkshire,South East,Lab gain from Con,Lab,Con,3.00%,67.68%,32.00%,35.00%,11.00%,22.00%
E14001440,Redcar,North East,Lab gain from Con,Lab,Con,8.70%,54.40%,32.30%,41.00%,4.00%,22.70%
E14001441,Redditch,West Midlands,Lab gain from Con,Lab,Con,1.80%,59.65%,33.10%,34.90%,5.10%,26.90%
E14001442,Reigate,South East,Con hold,Con,Lab,-6.00%,68.95%,35.40%,29.40%,12.70%,22.40%
E14001443,Ribble Valley,North West,Lab gain from Con,Lab,Con,1.60%,64.64%,33.30%,34.90%,9.60%,22.20%
E14001444,Richmond and Northallerton,Yorkshire and The Humber,Con hold,Con,Lab,-25.10%,65.68%,47.50%,22.40%,8.90%,21.20%
E14001445,Richmond Park,London,LD hold,LD,Con,-12.30%,68.70%,22.10%,9.80%,55.40%,12.70%
E14001446,Rochdale,North West,Lab hold,Lab,WPB,22.00%,54.74%,10.80%,32.80%,7.10%,49.30%
E14001447,Rochester and Strood,South East,Lab gain from Con,Lab,Con,6.90%,57.37%,29.30%,36.20%,4.40%,30.10%
E14001448,Romford,London,Con hold,Con,Lab,-3.30%,60.40%,34.80%,31.50%,4.30%,29.40%
E14001449,Romsey and Southampton North,South East,Con hold,Con,LD,-30.50%,69.61%,39.80%,9.30%,35.40%,15.60%
E14001450,Rossendale and Darwen,North West,Lab gain from Con,Lab,Con,12.60%,59.94%,28.30%,40.90%,2.80%,28.00%
E14001451,Rother Valley,Yorkshire and The Humber,Lab gain from Con,Lab,Con,2.40%,59.90%,36.10%,38.50%,2.80%,22.60%
E14001452,Rotherham,Yorkshire and The Humber,Lab hold,Lab,RUK,45.10%,48.64%,0.00%,45.10%,7.60%,47.20%
E14001453,Rugby,West Midlands,Lab gain from Con,Lab,Con,9.10%,65.43%,30.80%,39.90%,6.60%,22.70%
E14001454,"Ruislip, Northwood and Pinner",London,Con hold,Con,Lab,-16.10%,65.69%,45.40%,29.30%,9.20%,16.10%
E14001455,Runcorn and Helsby,North West,Lab hold,Lab,RUK,36.90%,59.65%,16.00%,52.90%,5.10%,26.00%
E14001456,Runnymede and Weybridge,South East,Con hold,Con,LD,-17.60%,65.55%,38.20%,20.60%,22.40%,18.70%
E14001457,Rushcliffe,East Midlands,Lab gain from Con,Lab,Con,12.90%,72.95%,30.90%,43.80%,5.40%,19.80%
E14001458,Rutland and Stamford,East Midlands,Con hold,Con,Lab,-21.40%,67.69%,43.70%,22.30%,12.90%,21.00%
E14001459,Salford,North West,Lab hold,Lab,RUK,44.20%,47.47%,9.00%,53.20%,6.90%,30.80%
E14001460,Salisbury,South West,Con hold,Con,Lab,-7.60%,69.88%,34.10%,26.50%,23.60%,15.80%
E14001461,Scarborough and Whitby,Yorkshire and The Humber,Lab gain from Con,Lab,Con,12.30%,59.32%,27.90%,40.20%,4.30%,27.60%
E14001462,Scunthorpe,Yorkshire and The Humber,Lab gain from Con,Lab,Con,9.10%,52.88%,30.60%,39.70%,2.40%,27.40%
E14001463,Sefton Central,North West,Lab hold,Lab,Con,38.50%,63.88%,17.90%,56.40%,5.50%,20.10%
E14001464,Selby,Yorkshire and The Humber,Lab gain from Con,Lab,Con,20.70%,63.07%,25.60%,46.30%,3.60%,24.50%
E14001465,Sevenoaks,South East,Con hold,Con,LD,-23.10%,67.70%,36.70%,13.60%,25.80%,23.80%
E14001466,Sheffield Brightside and Hillsborough,Yorkshire and The Humber,Lab hold,Lab,Green,38.70%,44.91%,12.90%,51.60%,5.40%,30.20%
E14001467,Sheffield Central,Yorkshire and The Humber,Lab hold,Lab,Green,44.70%,52.49%,7.40%,52.10%,6.80%,33.70%
E14001468,Sheffield Hallam,Yorkshire and The Humber,Lab hold,Lab,LD,34.30%,70.78%,12.00%,46.30%,30.40%,11.30%
E14001469,Sheffield Heeley,Yorkshire and The Humber,Lab hold,Lab,Green,41.60%,52.34%,13.60%,55.20%,10.00%,21.10%
E14001470,Sheffield South East,Yorkshire and The Humber,Lab hold,Lab,Con,34.80%,48.24%,17.50%,52.30%,9.60%,20.70%
E14001471,Sherwood Forest,East Midlands,Lab gain from Con,Lab,Con,11.20%,61.68%,27.50%,38.70%,3.80%,30.00%
E14001472,Shipley,Yorkshire and The Humber,Lab gain from Con,Lab,Con,17.80%,65.16%,27.20%,45.00%,2.80%,25.00%
E14001473,Shrewsbury,West Midlands,Lab gain from Con,Lab,Con,22.00%,67.31%,22.50%,44.50%,13.00%,20.00%
E14001474,Sittingbourne and Sheppey,South East,Lab gain from Con,Lab,Con,0.90%,51.85%,28.20%,29.10%,3.20%,39.50%
E14001475,Skipton and Ripon,Yorkshire and The Humber,Con hold,Con,Lab,-3.10%,67.46%,35.20%,32.10%,7.80%,24.80%
E14001476,Sleaford and North Hykeham,East Midlands,Con hold,Con,Lab,-8.90%,64.20%,35.70%,26.80%,4.70%,32.80%
E14001477,Slough,South East,Lab hold,Lab,INet,16.70%,53.24%,17.20%,33.90%,4.80%,44.10%
E14001478,Smethwick,West Midlands,Lab hold,Lab,RUK,35.10%,48.19%,12.90%,48.00%,2.90%,36.10%
E14001479,Solihull West and Shirley,West Midlands,Con hold,Con,Lab,-9.80%,65.27%,34.70%,24.90%,16.90%,23.50%
E14001480,South Basildon and East Thurrock,East of England,RUK gain from Con,RUK,Lab,4.80%,54.42%,25.70%,30.50%,2.70%,41.10%
E14001481,South Cambridgeshire,East of England,LD gain from Con,LD,Con,-16.30%,70.98%,27.40%,11.10%,46.80%,14.60%
E14001482,South Cotswolds,South West,LD gain from Con,LD,Con,-26.90%,72.65%,34.40%,7.50%,43.90%,14.10%
E14001483,South Derbyshire,East Midlands,Lab gain from Con,Lab,Con,9.10%,62.05%,29.70%,38.80%,4.70%,26.90%
E14001484,South Devon,South West,LD gain from Con,LD,Con,-25.20%,67.82%,31.50%,6.30%,46.00%,16.30%
E14001485,South Dorset,South West,Lab gain from Con,Lab,Con,2.10%,64.59%,29.80%,31.90%,16.30%,21.90%
E14001486,South East Cornwall,South West,Lab gain from Con,Lab,Con,3.90%,67.84%,27.90%,31.80%,16.80%,23.50%
E14001487,South Holland and The Deepings,East Midlands,Con hold,Con,RUK,-18.20%,58.53%,38.00%,19.80%,4.20%,38.00%
E14001488,South Leicestershire,East Midlands,Con hold,Con,Lab,-10.80%,65.42%,35.60%,24.80%,14.80%,24.80%
E14001489,South Norfolk,East of England,Lab gain from Con,Lab,Con,5.70%,66.99%,29.30%,35.00%,11.60%,24.10%
E14001490,South Northamptonshire,East Midlands,Con hold,Con,Lab,-6.80%,68.64%,35.70%,28.90%,9.30%,26.10%
E14001491,South Ribble,North West,Lab gain from Con,Lab,Con,13.90%,63.63%,28.60%,42.50%,6.40%,22.60%
E14001492,South Shields,North East,Lab hold,Lab,RUK,29.90%,53.86%,11.20%,41.10%,3.80%,43.90%
E14001493,South Shropshire,West Midlands,Con hold,Con,LD,-20.70%,67.36%,34.10%,13.40%,31.00%,21.50%
E14001494,South Suffolk,East of England,Con hold,Con,Lab,-6.30%,65.40%,33.00%,26.70%,13.20%,27.20%
E14001495,South West Devon,South West,Con hold,Con,Lab,-4.00%,67.32%,34.30%,30.30%,10.60%,24.80%
E14001496,South West Hertfordshire,East of England,Con hold,Con,LD,-14.10%,67.27%,34.10%,20.00%,24.90%,21.00%
E14001497,South West Norfolk,East of England,Lab gain from Con,Lab,Con,1.40%,59.33%,25.30%,26.70%,5.90%,42.10%
E14001498,South West Wiltshire,South West,Con hold,Con,Lab,-7.00%,63.18%,33.80%,26.80%,15.60%,23.80%
E14001499,Southampton Itchen,South East,Lab gain from Con,Lab,Con,16.10%,55.65%,25.40%,41.50%,7.10%,26.00%
E14001500,Southampton Test,South East,Lab hold,Lab,Con,26.00%,54.65%,18.50%,44.50%,9.10%,27.90%
E14001501,Southend East and Rochford,East of England,Lab gain from Con,Lab,Con,10.10%,56.48%,28.70%,38.80%,5.70%,26.80%
E14001502,Southend West and Leigh,East of England,Lab gain from Con,Lab,Con,4.10%,62.50%,31.50%,35.60%,6.80%,26.10%
E14001503,Southgate and Wood Green,London,Lab hold,Lab,Con,33.50%,58.90%,17.60%,51.10%,8.60%,22.70%
E14001504,Southport,North West,Lab gain from Con,Lab,Con,12.90%,61.19%,25.40%,38.30%,13.00%,23.20%
E14001505,Spelthorne,South East,Con hold,Con,Lab,-3.40%,62.57%,30.40%,27.00%,18.90%,23.80%
E14001506,Spen Valley,Yorkshire and The Humber,Lab gain from Con,Lab,RUK,15.20%,56.52%,24.00%,39.20%,3.50%,33.40%
E14001507,St Albans,East of England,LD hold,LD,Con,-8.10%,70.96%,18.20%,10.10%,56.60%,15.10%
E14001508,St Austell and Newquay,South West,Lab gain from Con,Lab,Con,5.20%,61.43%,28.90%,34.10%,10.30%,26.70%
E14001509,St Helens North,North West,Lab hold,Lab,RUK,41.50%,53.62%,11.10%,52.60%,4.40%,31.80%
E14001510,St Helens South and Whiston,North West,Lab hold,Lab,RUK,41.70%,53.14%,8.00%,49.70%,5.80%,36.40%
E14001511,St Ives,South West,LD gain from Con,LD,Con,-17.60%,68.74%,23.40%,5.80%,52.00%,18.80%
E14001512,St Neots and Mid Cambridgeshire,East of England,LD gain from Con,LD,Con,-15.10%,67.70%,28.20%,13.10%,36.90%,21.80%
E14001513,Stafford,West Midlands,Lab gain from Con,Lab,Con,10.00%,65.16%,30.30%,40.30%,3.60%,25.80%
E14001514,Staffordshire Moorlands,West Midlands,Con hold,Con,Lab,-2.80%,61.96%,35.40%,32.60%,3.50%,28.50%
E14001515,Stalybridge and Hyde,North West,Lab hold,Lab,RUK,25.30%,51.53%,18.50%,43.80%,2.90%,34.80%
E14001516,Stevenage,East of England,Lab gain from Con,Lab,Con,15.50%,60.18%,25.90%,41.40%,8.10%,24.50%
E14001517,Stockport,North West,Lab hold,Lab,RUK,38.50%,57.00%,11.40%,49.90%,8.50%,30.20%
E14001518,Stockton North,North East,Lab hold,Lab,RUK,24.30%,53.25%,21.50%,45.80%,3.00%,29.70%
E14001519,Stockton West,North East,Con hold,Con,Lab,-4.40%,67.68%,41.90%,37.50%,2.50%,18.20%
E14001520,Stoke-on-Trent Central,West Midlands,Lab gain from Con,Lab,RUK,24.80%,47.81%,17.60%,42.40%,2.80%,37.20%
E14001521,Stoke-on-Trent North,West Midlands,Lab gain from Con,Lab,Con,14.00%,51.75%,26.30%,40.30%,2.50%,30.90%
E14001522,Stoke-on-Trent South,West Midlands,Lab gain from Con,Lab,Con,1.50%,58.49%,33.20%,34.70%,3.90%,28.20%
E14001523,"Stone, Great Wyrley and Penkridge",West Midlands,Con hold,Con,Lab,-12.80%,59.77%,46.50%,33.70%,6.90%,12.90%
E14001524,Stourbridge,West Midlands,Lab gain from Con,Lab,Con,7.70%,58.38%,30.80%,38.50%,4.00%,26.80%
E14001525,Stratford and Bow,London,Lab hold,Lab,Green,36.90%,53.80%,7.20%,44.10%,4.40%,44.30%
E14001526,Stratford-on-Avon,West Midlands,LD gain from Con,LD,Con,-23.70%,69.95%,30.80%,7.10%,44.30%,17.80%
E14001527,Streatham and Croydon North,London,Lab hold,Lab,Green,40.10%,53.79%,12.00%,52.10%,11.30%,24.60%
E14001528,Stretford and Urmston,North West,Lab hold,Lab,Con,35.10%,61.21%,14.10%,49.20%,4.80%,31.90%
E14001529,Stroud,South West,Lab gain from Con,Lab,Con,20.70%,70.88%,25.70%,46.40%,5.30%,22.60%
E14001530,Suffolk Coastal,East of England,Lab gain from Con,Lab,Con,2.20%,66.36%,29.50%,31.70%,14.00%,24.70%
E14001531,Sunderland Central,North East,Lab hold,Lab,RUK,27.90%,52.47%,14.30%,42.20%,9.00%,34.50%
E14001532,Surrey Heath,South East,LD gain from Con,LD,Con,-26.40%,66.43%,33.00%,6.60%,44.80%,15.70%
E14001533,Sussex Weald,South East,Con hold,Con,LD,-17.30%,67.47%,34.10%,16.80%,20.20%,29.00%
E14001534,Sutton and Cheam,London,LD gain from Con,LD,Con,-11.20%,65.84%,28.90%,17.70%,36.90%,16.40%
E14001535,Sutton Coldfield,West Midlands,Con hold,Con,Lab,-5.30%,65.24%,38.30%,33.00%,5.40%,23.30%
E14001536,Swindon North,South West,Lab gain from Con,Lab,Con,9.30%,60.31%,31.30%,40.60%,4.70%,23.40%
E14001537,Swindon South,South West,Lab gain from Con,Lab,Con,21.50%,61.72%,26.90%,48.40%,4.10%,20.50%
E14001538,Tamworth,West Midlands,Lab gain from Con,Lab,Con,3.10%,58.34%,31.90%,35.00%,3.30%,29.80%
E14001539,Tatton,North West,Con hold,Con,Lab,-2.10%,69.92%,38.40%,36.30%,8.90%,16.40%
E14001540,Taunton and Wellington,South West,LD gain from Con,LD,Con,-17.50%,63.92%,24.60%,7.10%,48.40%,19.90%
E14001541,Telford,West Midlands,Lab gain from Con,Lab,RUK,23.30%,55.18%,21.40%,44.70%,3.80%,30.00%
E14001542,Tewkesbury,South West,LD gain from Con,LD,Con,-20.90%,66.08%,29.80%,8.90%,42.70%,18.60%
E14001543,The Wrekin,West Midlands,Con hold,Con,Lab,-1.70%,63.36%,32.60%,30.90%,9.50%,27.00%
E14001544,Thirsk and Malton,Yorkshire and The Humber,Con hold,Con,Lab,-15.10%,63.46%,39.20%,24.10%,10.80%,25.90%
E14001545,Thornbury and Yate,South West,LD gain from Con,LD,Con,-23.90%,68.25%,33.40%,9.50%,39.00%,18.20%
E14001546,Thurrock,East of England,Lab gain from Con,Lab,RUK,21.40%,51.17%,21.30%,42.70%,3.10%,32.90%
E14001547,Tipton and Wednesbury,West Midlands,Lab gain from Con,Lab,Con,10.60%,42.98%,26.30%,36.90%,1.90%,35.00%
E14001548,Tiverton and Minehead,South West,LD gain from Con,LD,Con,-22.10%,65.88%,31.20%,9.10%,38.60%,21.10%
E14001549,Tonbridge,South East,Con hold,Con,Lab,-22.20%,69.13%,40.80%,18.60%,8.40%,32.20%
E14001550,Tooting,London,Lab hold,Lab,Con,36.80%,69.51%,18.40%,55.20%,8.40%,18.10%
E14001551,Torbay,South West,LD gain from Con,LD,Con,-22.40%,60.53%,29.50%,7.10%,41.10%,22.40%
E14001552,Torridge and Tavistock,South West,Con hold,Con,LD,-10.40%,68.01%,31.60%,21.20%,23.80%,23.40%
E14001553,Tottenham,London,Lab hold,Lab,Green,51.70%,52.89%,5.80%,57.50%,4.80%,32.00%
E14001554,Truro and Falmouth,South West,Lab gain from Con,Lab,Con,16.20%,68.87%,25.10%,41.30%,13.00%,20.50%
E14001555,Tunbridge Wells,South East,LD gain from Con,LD,Con,-16.20%,68.90%,27.60%,11.40%,43.60%,17.40%
E14001556,Twickenham,London,LD hold,LD,Con,-3.80%,71.53%,16.30%,12.50%,56.30%,15.00%
E14001557,Tynemouth,North East,Lab hold,Lab,Con,31.90%,66.15%,18.70%,50.60%,5.60%,25.20%
E14001558,Uxbridge and South Ruislip,London,Lab gain from Con,Lab,Con,1.30%,61.43%,34.90%,36.20%,3.80%,25.20%
E14001559,Vauxhall and Camberwell Green,London,Lab hold,Lab,Green,49.90%,48.42%,7.50%,57.40%,12.10%,23.00%
E14001560,Wakefield and Rothwell,Yorkshire and The Humber,Lab gain from Con,Lab,RUK,25.70%,54.16%,18.00%,43.70%,8.00%,30.30%
E14001561,Wallasey,North West,Lab hold,Lab,RUK,46.00%,57.70%,11.70%,57.70%,4.30%,26.30%
E14001562,Walsall and Bloxwich,West Midlands,Lab gain from Con,Lab,Ind,15.60%,49.62%,18.00%,33.60%,2.20%,46.20%
E14001563,Walthamstow,London,Lab hold,Lab,Green,54.30%,61.32%,5.20%,59.50%,3.80%,31.50%
E14001564,Warrington North,North West,Lab hold,Lab,RUK,30.60%,56.71%,16.20%,46.80%,6.80%,30.20%
E14001565,Warrington South,North West,Lab hold,Lab,Con,22.80%,63.36%,23.90%,46.70%,7.70%,21.70%
E14001566,Warwick and Leamington,West Midlands,Lab hold,Lab,Con,25.20%,64.48%,23.50%,48.70%,7.90%,19.90%
E14001567,Washington and Gateshead South,North East,Lab hold,Lab,RUK,35.20%,52.16%,12.60%,47.80%,4.30%,35.30%
E14001568,Watford,East of England,Lab gain from Con,Lab,Con,10.60%,60.81%,24.70%,35.30%,17.00%,22.90%
E14001569,Waveney Valley,East of England,Green gain from Con,Green,Con,-20.90%,67.17%,30.30%,9.40%,2.50%,57.80%
E14001570,Weald of Kent,South East,Con hold,Con,Lab,-16.60%,66.74%,39.80%,23.20%,7.80%,29.10%
E14001571,Wellingborough and Rushden,East Midlands,Lab gain from Con,Lab,Con,12.50%,56.72%,27.80%,40.30%,3.60%,28.30%
E14001572,Wells and Mendip Hills,South West,LD gain from Con,LD,Con,-17.80%,68.49%,24.80%,7.00%,46.90%,21.30%
E14001573,Welwyn Hatfield,East of England,Lab gain from Con,Lab,Con,7.80%,64.38%,33.20%,41.00%,6.40%,19.40%
E14001574,West Bromwich,West Midlands,Lab gain from Con,Lab,Con,26.10%,49.28%,20.10%,46.20%,3.60%,30.10%
E14001575,West Dorset,South West,LD gain from Con,LD,Con,-30.60%,69.22%,36.50%,5.90%,51.30%,6.30%
E14001576,West Ham and Beckton,London,Lab hold,Lab,NIP,34.80%,46.03%,10.40%,45.20%,4.40%,40.00%
E14001577,West Lancashire,North West,Lab hold,Lab,Con,30.90%,59.66%,19.60%,50.50%,4.60%,25.30%
E14001578,West Suffolk,East of England,Con hold,Con,Lab,-7.10%,59.84%,34.30%,27.20%,9.30%,29.20%
E14001579,West Worcestershire,West Midlands,Con hold,Con,LD,-21.00%,69.01%,36.20%,15.20%,24.20%,24.40%
E14001580,Westmorland and Lonsdale,North West,LD gain from Con,LD,Con,-14.70%,68.77%,19.40%,4.70%,62.70%,13.30%
E14001581,Weston-super-Mare,South West,Lab gain from Con,Lab,Con,10.40%,59.37%,28.10%,38.50%,8.90%,24.60%
E14001582,Wetherby and Easingwold,Yorkshire and The Humber,Con hold,Con,Lab,-9.30%,70.32%,39.40%,30.10%,6.40%,24.00%
E14001583,Whitehaven and Workington,North West,Lab gain from Con,Lab,RUK,32.80%,57.16%,20.20%,53.00%,2.70%,24.10%
E14001584,Widnes and Halewood,North West,Lab hold,Lab,RUK,52.40%,54.33%,9.20%,61.60%,4.20%,25.00%
E14001585,Wigan,North West,Lab hold,Lab,RUK,36.90%,52.75%,10.50%,47.40%,4.10%,37.90%
E14001586,Wimbledon,London,LD gain from Con,LD,Con,-0.90%,72.03%,22.20%,21.30%,45.10%,11.40%
E14001587,Winchester,South East,LD gain from Con,LD,Con,-22.90%,72.90%,28.20%,5.30%,52.50%,14.00%
E14001588,Windsor,South East,Con hold,Con,Lab,-14.20%,61.70%,36.40%,22.20%,21.10%,20.30%
E14001589,Wirral West,North West,Lab hold,Lab,Con,20.10%,68.58%,26.30%,46.40%,6.10%,21.20%
E14001590,Witham,East of England,Con hold,Con,Lab,-10.20%,64.06%,37.20%,27.00%,6.80%,29.00%
E14001591,Witney,South East,LD gain from Con,LD,Con,-23.20%,67.04%,32.60%,9.40%,41.20%,16.80%
E14001592,Woking,South East,LD gain from Con,LD,Con,-17.30%,65.98%,26.50%,9.20%,49.90%,14.40%
E14001593,Wokingham,South East,LD gain from Con,LD,Con,-25.50%,71.92%,32.20%,6.70%,47.70%,13.40%
E14001594,Wolverhampton North East,West Midlands,Lab gain from Con,Lab,Con,16.30%,47.07%,26.60%,42.90%,3.00%,27.50%
E14001595,Wolverhampton South East,West Midlands,Lab hold,Lab,RUK,33.40%,43.09%,16.90%,50.30%,2.30%,30.50%
E14001596,Wolverhampton West,West Midlands,Lab gain from Con,Lab,Con,18.00%,56.08%,26.30%,44.30%,3.20%,26.30%
E14001597,Worcester,West Midlands,Lab gain from Con,Lab,Con,15.50%,61.44%,25.00%,40.50%,8.70%,25.90%
E14001598,Worsley and Eccles,North West,Lab hold,Lab,RUK,31.70%,54.10%,16.00%,47.70%,4.40%,32.00%
E14001599,Worthing West,South East,Lab gain from Con,Lab,Con,7.70%,66.20%,32.50%,40.20%,5.30%,22.00%
E14001600,Wycombe,South East,Lab gain from Con,Lab,Con,10.30%,60.80%,25.60%,35.90%,9.50%,28.90%
E14001601,Wyre Forest,West Midlands,Con hold,Con,Lab,-1.80%,58.40%,32.10%,30.30%,6.20%,31.40%
E14001602,Wythenshawe and Sale East,North West,Lab hold,Lab,RUK,38.80%,50.32%,13.80%,52.60%,5.10%,28.50%
E14001603,Yeovil,South West,LD gain from Con,LD,Con,-17.40%,61.25%,23.50%,6.10%,48.50%,21.80%
E14001604,York Central,Yorkshire and The Humber,Lab hold,Lab,Con,44.20%,54.46%,12.40%,56.60%,7.00%,23.90%
E14001605,York Outer,Yorkshire and The Humber,Lab gain from Con,Lab,Con,18.40%,67.04%,26.90%,45.30%,10.80%,17.00%
W07000081,Aberafan Maesteg,Wales,Lab hold,Lab,RUK,41.80%,49.26%,8.10%,49.90%,2.60%,26.20%
W07000082,Alyn and Deeside,Wales,Lab hold,Lab,RUK,24.20%,57.25%,18.20%,42.40%,4.80%,30.20%
W07000083,Bangor Aberconwy,Wales,Lab gain from Con,Lab,PC,11.90%,59.07%,21.70%,33.60%,3.70%,19.20%
W07000084,Blaenau Gwent and Rhymney,Wales,Lab hold,Lab,PC,41.00%,42.65%,12.60%,53.60%,4.20%,16.70%
W07000085,"Brecon, Radnor and Cwm Tawe",Wales,LD gain from Con,LD,Con,-5.00%,63.66%,26.30%,21.30%,29.50%,18.00%
W07000086,Bridgend,Wales,Lab gain from Con,Lab,RUK,23.60%,56.55%,16.30%,39.90%,3.50%,31.50%
W07000087,Caerfyrddin,Wales,PC gain from Con,PC,Lab,4.70%,61.62%,19.40%,24.10%,3.20%,19.30%
W07000088,Caerphilly,Wales,Lab hold,Lab,PC,26.50%,52.63%,11.50%,38.00%,4.70%,24.60%
W07000089,Cardiff East,Wales,Lab hold,Lab,LD,30.50%,53.68%,10.00%,40.50%,17.20%,23.20%
W07000090,Cardiff North,Wales,Lab hold,Lab,Con,23.60%,66.43%,20.30%,43.90%,6.70%,19.30%
W07000091,Cardiff South and Penarth,Wales,Lab hold,Lab,Green,30.60%,53.62%,13.90%,44.50%,7.40%,25.90%
W07000092,Cardiff West,Wales,Lab hold,Lab,PC,21.40%,59.13%,15.30%,36.70%,4.30%,22.60%
W07000093,Ceredigion Preseli,Wales,PC hold,PC,LD,1.30%,61.17%,10.30%,11.60%,15.00%,16.10%
W07000094,Clwyd East,Wales,Lab gain from Con,Lab,Con,9.70%,62.40%,29.00%,38.70%,3.90%,20.70%
W07000095,Clwyd North,Wales,Lab gain from Con,Lab,Con,2.80%,55.48%,32.70%,35.50%,4.00%,20.20%
W07000096,Dwyfor Meirionnydd,Wales,PC hold,PC,Lab,2.90%,55.31%,11.70%,14.60%,3.40%,16.30%
W07000097,Gower,Wales,Lab hold,Lab,Con,24.50%,62.04%,18.90%,43.40%,5.50%,23.90%
W07000098,Llanelli,Wales,Lab hold,Lab,RUK,20.80%,56.95%,10.50%,31.30%,3.10%,31.80%
W07000099,Merthyr Tydfil and Aberdare,Wales,Lab hold,Lab,RUK,37.20%,47.29%,7.60%,44.80%,3.60%,30.40%
W07000100,Mid and South Pembrokeshire,Wales,Lab gain from Con,Lab,Con,4.00%,59.00%,31.40%,35.40%,5.10%,21.80%
W07000101,Monmouthshire,Wales,Lab gain from Con,Lab,Con,6.50%,67.95%,34.80%,41.30%,4.50%,16.90%
W07000102,Montgomeryshire and Glyndwr,Wales,Lab gain from Con,Lab,RUK,11.40%,58.43%,18.00%,29.40%,15.00%,24.60%
W07000103,Neath and Swansea East,Wales,Lab hold,Lab,RUK,32.40%,52.61%,9.40%,41.80%,5.80%,29.60%
W07000104,Newport East,Wales,Lab hold,Lab,RUK,25.70%,50.25%,16.80%,42.50%,5.30%,29.60%
W07000105,Newport West and Islwyn,Wales,Lab hold,Lab,RUK,25.50%,55.36%,16.00%,41.50%,5.00%,29.10%
W07000106,Pontypridd,Wales,Lab hold,Lab,RUK,31.60%,51.85%,9.60%,41.20%,4.10%,31.70%
W07000107,Rhondda and Ogmore,Wales,Lab hold,Lab,RUK,42.10%,48.07%,5.70%,47.80%,2.60%,29.30%
W07000108,Swansea West,Wales,Lab hold,Lab,RUK,31.50%,48.03%,9.90%,41.40%,12.20%,24.90%
W07000109,Torfaen,Wales,Lab hold,Lab,RUK,26.40%,49.77%,16.10%,42.50%,4.60%,29.60%
W07000110,Vale of Glamorgan,Wales,Lab gain from Con,Lab,Con,9.20%,61.54%,29.50%,38.70%,3.50%,21.20%
W07000111,Wrexham,Wales,Lab gain from Con,Lab,Con,14.70%,57.45%,24.50%,39.20%,4.40%,21.60%
W07000112,Ynys Môn,Wales,PC gain from Con,PC,Con,-7.10%,61.40%,30.50%,23.40%,1.30%,12.30%